{
	"info": {
		"_postman_id": "fd0cc94a-9567-4fed-b7b0-ea2bccdf589e",
		"name": "blood bank",
		"schema": "https://schema.getpostman.com/json/collection/v2.1.0/collection.json",
		"_exporter_id": "31100229"
	},
	"item": [
		{
			"name": "Add user",
			"request": {
				"method": "POST",
				"header": [
					{
						"key": "Content-Type",
						"value": "application/json",
						"type": "text"
					}
				],
				"body": {
					"mode": "raw",
					"raw": "{\r\n    \"email\": \"user6@gmail.com\",\r\n    \"password\": \"user1@123\",\r\n    \"first_name\": \"user\",\r\n    \"last_name\": \"1\",\r\n    \"ph_number\": \"12345678\",\r\n    \"age\": \"30\",\r\n    \"blood_group\": \"AB+\",\r\n    \"city\": \"Hyderabad\"\r\n}"
				},
				"url": {
					"raw": "http://127.0.0.1:5000/user",
					"protocol": "http",
					"host": [
						"127",
						"0",
						"0",
						"1"
					],
					"port": "5000",
					"path": [
						"user"
					]
				}
			},
			"response": []
		},
		{
			"name": "login user",
			"event": [
				{
					"listen": "test",
					"script": {
						"exec": [
							"var jsonData = pm.response.json();\r",
							"var firstRecordId = jsonData.id;\r",
							"pm.environment.set(\"userId\", firstRecordId);"
						],
						"type": "text/javascript"
					}
				}
			],
			"request": {
				"method": "POST",
				"header": [
					{
						"key": "Content-Type",
						"value": "application/json",
						"type": "text"
					}
				],
				"body": {
					"mode": "raw",
					"raw": "{\r\n    \"email\": \"user145@gmail.com\",\r\n    \"password\": \"user1@123\"\r\n}"
				},
				"url": {
					"raw": "http://localhost:5000/login/user",
					"protocol": "http",
					"host": [
						"localhost"
					],
					"port": "5000",
					"path": [
						"login",
						"user"
					]
				}
			},
			"response": []
		},
		{
			"name": "add donation ",
			"request": {
				"method": "POST",
				"header": [],
				"body": {
					"mode": "raw",
					"raw": "{\r\n    \"donor\": \"3fbe1e29-fc0a-41a3-8b62-9632c6bfe237\",\r\n    \"receptor\": \"6f1d286e-58f9-42d3-bec3-fc9f2d425cfa\"\r\n}",
					"options": {
						"raw": {
							"language": "json"
						}
					}
				},
				"url": {
					"raw": "http://127.0.0.1:5000/donation",
					"protocol": "http",
					"host": [
						"127",
						"0",
						"0",
						"1"
					],
					"port": "5000",
					"path": [
						"donation"
					]
				}
			},
			"response": []
		},
		{
			"name": "update donation",
			"request": {
				"method": "PATCH",
				"header": [],
				"body": {
					"mode": "raw",
					"raw": "{\r\n    \"status\": \"approve\"\r\n}",
					"options": {
						"raw": {
							"language": "json"
						}
					}
				},
				"url": {
					"raw": "http://127.0.0.1:5000/donation/a29b9a99-1a15-479c-814e-e56a9dbbedcc/status",
					"protocol": "http",
					"host": [
						"127",
						"0",
						"0",
						"1"
					],
					"port": "5000",
					"path": [
						"donation",
						"a29b9a99-1a15-479c-814e-e56a9dbbedcc",
						"status"
					]
				}
			},
			"response": []
		},
		{
			"name": "get donation by donor id",
			"protocolProfileBehavior": {
				"disableBodyPruning": true
			},
			"request": {
				"method": "GET",
				"header": [],
				"body": {
					"mode": "raw",
					"raw": "{\r\n    \"donor\": \"e81db762-30d8-45ac-a2f8-fc4b3aac393e\",\r\n    \"receptor\": \"6f1d286e-58f9-42d3-bec3-fc9f2d425cfa\"\r\n}",
					"options": {
						"raw": {
							"language": "json"
						}
					}
				},
				"url": {
					"raw": "http://127.0.0.1:5000/donation/3fbe1e29-fc0a-41a3-8b62-9632c6bfe237",
					"protocol": "http",
					"host": [
						"127",
						"0",
						"0",
						"1"
					],
					"port": "5000",
					"path": [
						"donation",
						"3fbe1e29-fc0a-41a3-8b62-9632c6bfe237"
					]
				}
			},
			"response": []
		},
		{
			"name": "fetch availability",
			"request": {
				"method": "GET",
				"header": [],
				"url": {
					"raw": "http://127.0.0.1:5000/donation?blood_group=AB%2B&city=Hyderabad&id=816c1f90-8af3-40ca-8d45-c59cae0881c3",
					"protocol": "http",
					"host": [
						"127",
						"0",
						"0",
						"1"
					],
					"port": "5000",
					"path": [
						"donation"
					],
					"query": [
						{
							"key": "blood_group",
							"value": "AB%2B"
						},
						{
							"key": "city",
							"value": "Hyderabad"
						},
						{
							"key": "id",
							"value": "816c1f90-8af3-40ca-8d45-c59cae0881c3"
						}
					]
				}
			},
			"response": []
		},
		{
			"name": "fetch ranking",
			"request": {
				"method": "GET",
				"header": [],
				"url": {
					"raw": "http://127.0.0.1:5000/ranking",
					"protocol": "http",
					"host": [
						"127",
						"0",
						"0",
						"1"
					],
					"port": "5000",
					"path": [
						"ranking"
					]
				}
			},
			"response": []
		}
	]
}